lat,lon
21.036403,105.727235
20.985272,105.843605
20.978546,105.796775
21.028933,105.855453
21.0460937,105.8002357
21.0536611,105.8122562
10.843992,106.664704
10.799708,106.69351
21.062787,105.807466
10.8061458,106.7445753
21.0623173,105.7248362
20.995976,105.848687
21.063209,105.903308
21.016988,105.849281
20.9753072,105.7621905
21.0634544,105.8330554
20.998322,105.867558
21.007827,105.814396
20.971822,105.783025
10.775504,106.615699
21.000238,105.802417
20.996592,105.810411
10.770856,106.682888
21.010484,105.818445
21.035696,105.762105
21.0420822,105.7750737
20.992373,105.849476
21.040807,105.76415
21.0087543,105.9681083
10.7342533,106.7084591
10.6758408,106.759516
21.0829825,105.881158
20.997167,105.799055
20.980954,105.817632
20.9697199,105.7984527
20.98327,105.7823339
10.818738,106.821473
21.015023,105.8012798
10.748695,106.61264
21.022002,105.774704
21.089607,105.8126882
21.014174,105.810768
21.042287,105.81706
21.073761,105.812858
10.784073,106.800586
20.966969,105.832359
10.811482,106.695286
10.768657,106.669021
10.974683,106.518274
21.047696,105.735788
21.032816,105.763414
20.971983,105.748344
20.989024,105.765531
21.014473,105.8503637
21.068216,105.889735
20.975468,105.781978
10.7951809,106.6890184
21.042223,105.817208
10.788716,106.676324
21.0025101,105.8298183
20.974147,105.774628
20.996631,105.825704
10.8070255,106.7882419
20.991234,105.839688
10.790148,106.621252
10.7564115,106.6515776
21.0031997,105.8243757
21.0574207,105.8657287
21.025211,105.773686
21.015176,105.81703
10.7416532,106.70387
21.0035252,105.8021818
21.0918031,105.7775876
20.9841541,105.8599079
10.7911654,106.7007552
20.971641,105.790634
21.039291,105.815827
10.684358,106.644744
21.0342609,105.7961123
20.9923406,105.7858851
21.1173165,105.8151231
21.0346956,105.7404713
21.016345,105.821532
21.037087,105.77601
20.998599,105.805909
10.9536481,106.5255809
21.014682,105.823952
10.838615,106.673122
10.804959,106.715928
10.771829,106.609271
20.988609,105.855455
20.9667523,105.8700343
21.046754,105.877915
10.790439,106.555295
21.02477,105.907459
10.7840511,106.6576389
20.9639246,105.7892446
21.0497485,105.8838407
21.029744,105.810345
21.018334,105.7987789
21.012664,105.746597
21.0750865,105.9301406
10.766676,106.671784
21.016197,105.808227
20.9774408,105.7758669
10.790682,106.69087
10.643628,106.787719
10.753618,106.592556
21.0090413,105.7203464
21.0385586,105.8761784
20.973544,105.825411
20.9682404,105.7542001
10.8132384,106.6017345
21.041282,105.751494
20.9683342,105.7869592
20.997193,105.818177
10.807324,106.683891
20.9860864,105.9294967
10.7621006,106.6937563
10.871755,106.667527
10.7862925,106.7678012
21.02815,105.768272
21.017355,105.775199
21.0188645695107,105.84079962167
21.0480535,105.8096705
10.785508,106.67842
20.995614,105.830456
21.0339072,105.852375
10.811545,106.6988978
21.0873959,105.7555013
21.049911,105.763549
21.057374,105.887126
20.9646433,105.7830713
21.0108436,105.7951254
10.798835,106.662162
10.773814,106.682932
20.969753,105.774231
21.0416759,105.7764848
10.80696,106.719017
20.987248,105.769703
21.0314511,105.8269747
20.9631552,105.8172983
21.0780093,105.8124999
20.9605738,105.7711673
10.797893,106.6376362
21.0384519,105.429277
20.995763,105.745107
10.725412,106.594276
20.978264,105.835951
20.995883,105.874019
10.810419,106.612655
21.0161086,105.8146779
10.789951,106.696146
10.784296,106.629396
10.8751624,106.6292251
21.0109667,105.8221301
10.813851,106.709028
20.9732844,105.8179377
10.688548,106.585091
21.014209,105.806528
10.7383577,106.6586829
21.0072984,105.9494052
10.801725,106.648716
21.020876,105.855877
20.995935,105.8219564
10.646513,106.631123
21.053065,105.837073
10.840216,106.678869
10.8579106,106.7491996
21.0106575,105.8599784
21.017058,105.74067
20.990461655547,105.804231505465
21.0037916,105.8374303
10.795715,106.707246
20.974712,105.777594
20.9817024,105.7423936
20.97122,105.834012
10.774711,106.676113
10.767687,106.673347
20.99484,105.842597
10.768798,106.699258
10.787279,106.672045
21.0099878,105.8046614
10.850013,106.652112
20.978724,105.796025
20.998952,105.869286
10.708247,106.709526
21.033871,105.84898
10.813342,106.667146
20.7843801,105.8873591
20.9822339,105.8329004
21.0652855,105.8976832
21.0329881,105.798454
21.0485044,105.7955963
10.803986,106.685425
20.965011,105.775271
21.0074016,105.7769326
21.0335683,105.72768
10.975818,106.490351
20.999416,105.825194
21.0190665,105.828982
21.1779073,105.8519161
21.0244918,105.8271796
21.0428539,105.7966892
10.807598,106.634793
10.7928767,106.624282
21.000282,105.830805
10.827507,106.684006
21.018213,105.824451
10.805566,106.69605
21.0605354,105.9170945
20.9471164,105.8543427
10.763507,106.698956
21.0088967,105.8389823
20.9806038,105.8023926
10.79177,106.6906264
10.814692,106.671978
21.0438779,105.7942822
21.032632,105.759432
10.828158,106.631981
21.0087184,105.7972793
20.978411,105.773994
10.7274095,106.7284017
10.843807,106.730597
21.071322,105.793428
10.7517388,106.6980461
20.9525077,105.7378002
20.9837785,105.8494923
21.2104199,105.6990141
21.0284277,105.897623
20.984226,105.846154
21.0419084,105.8472478
20.984906,105.828681
21.0138811,105.7976963
20.970084,105.75447
21.0340636,105.8546816
20.985578,105.798779
10.706898,106.703208
21.1341191,105.4339988
10.791658,106.676648
10.7687274,106.7205034
10.78144,106.674664
10.819417,106.678776
21.004339,105.793274
10.7307449,106.7320349
21.000423,105.81405
10.7905646,106.743237
21.006884,105.829832
21.0090582,105.7656976
21.0869927,105.7867033
10.79947,106.629478
10.766005,106.649089
20.964522,105.771492
10.734934,106.666472
10.857481,106.626047
21.000986,105.85065
21.065201,105.789889
10.8398992,106.7943309
21.0159883,105.9375721
21.033773,105.827155
10.7933499,106.6390157
10.844574,106.693509
10.800942,106.627756
10.8076556,106.8646754
10.7822337,106.7730842
10.7226516,106.6129353
10.7596073,106.6533928
21.077481,105.777653
10.790554,106.64341
21.032808,105.8032427
21.1573051,105.8155743
20.989303,105.786852
10.883081,106.629208
10.786903,106.679468
21.016497,105.941
21.0673499,105.7975807
21.008299,105.774104
21.0290681,105.8274677
21.0146882,105.8276803
10.829966,106.702617
10.766512,106.6962449
21.067521,105.803723
10.825837,106.807283
21.068437,105.807819
21.1682585,105.7335262
10.8512006,106.7766741
10.764602,106.666131
10.735218,106.556811
21.024249,105.82053
21.046223,105.841721
10.7704705,106.689093
10.779138,106.624127
10.6671414,106.5792282
21.0085593,105.905286
10.780733,106.676179
21.000553,105.863646
21.033771,105.7788271
21.012416,105.849162
10.7717818,106.6696878
21.0462748,105.7188631
10.707558,106.561275
10.792522,106.7306704
21.0349057,105.8255796
10.801862,106.677234
21.0437269,105.7993488
10.8059459,106.7115959
10.855583,106.766886
10.82951,106.639651
21.0410202,105.9048583
10.836776,106.683223
10.851773,106.753204
10.876948,106.677443
21.0425445,105.8248847
20.9712201,105.8274289
21.0094449,105.7792251
21.004792,105.811354
10.826109,106.693883
10.766752,106.674816
21.0261488,105.8936538
21.015255,105.85319
21.098478,105.8512851
20.979634,105.7909352
20.9952801,105.7963186
20.9684266,105.7655379
21.1623208,105.7795187
21.051202,105.810767
10.7776385,106.7612764
10.808067,106.688528
10.844338,106.657072
21.046573,105.871316
20.9968042,105.8385117
21.0134591,105.9362249
21.0436338,105.8653418
21.0231871,105.794927
21.0499366,105.8045156
10.6981714,106.6241445
10.757368,106.683178
10.81572,106.625024
21.012206,105.829268
20.9719148,105.8666581
21.1276719,105.7764251
20.8931173,105.7733848
21.005176,105.847111
10.793592,106.647844
20.986583,105.832667
10.7940186,106.6782387
21.0479066,105.7178677
20.999584,105.817799
20.9892085,105.8178418
21.0187231,105.7928939
21.037854,105.829759
21.0155759,105.8327116
20.9750196,105.7750635
21.00337,105.750004
10.8025974,106.7352128
10.844335,106.677476
10.7448441,106.6307558
10.7508206,106.7233423
10.773249,106.632335
20.96128,105.793189
10.724849,106.662908
10.7566825,106.6899074
21.022277,105.823407
10.8044120199725,106.683468117476
21.0105454,105.8101341
21.011722,105.85163
20.992102,105.81637
21.018124,105.81179
10.7664977,106.7262846
21.0069188,105.8612879
10.823557,106.676157
21.037872,105.813652
10.7795712,106.7520215
21.0074527,105.7129043
21.010684,105.819898
10.749313,106.7249767
10.658523,106.727698
10.739058,106.674574
21.053049,105.9005976
21.1546337,105.8937133
10.770649,106.679368
20.9941473,105.842113
10.788594,106.69774
20.9855487,105.7825913
20.9909072,105.5471826
21.005749,105.854955
10.810265,106.666861
21.0126331,105.832424
20.983566,105.875573
21.0996895,105.6728571
21.014960198422,105.849237570971
20.9448138,105.8443846
21.019403,105.805488
10.805242,106.646488
10.7936406,106.6911037
10.807516,106.7512915
10.788154,106.629152
20.9733,105.835967
10.7368795,106.7192404
21.0011796,105.6208826
20.9969852,105.8163651
20.995374,105.805745
10.805946,106.63519
21.006987,105.829607
20.9789481,105.731251
21.019169,105.816633
21.029742,105.762798
10.784944,106.668312
10.7515834,106.6762309
21.0025101492731,105.874290849253
10.807428,106.695062
21.0176099,105.836563
21.1143647,105.8018788
21.021594,105.800943
21.0460537,105.7912051
10.670581,106.713526
10.6575518,106.7139018
21.028863,105.849575
21.036055,105.852793
21.024899,105.795315
10.814258,106.697732
10.794262,106.673952
10.797427,106.687062
10.7553597,106.689614
10.819574,106.635034
21.019056,105.847635
21.039853,105.845925
20.959433,105.829905
10.804682,106.6477053
20.9739754,105.8420225
21.021859,105.815789
10.807606,106.7014
21.0668071,105.412629
20.983775,105.863837
10.7479761,106.6345824
21.008642,105.863347
10.7910978,106.6879603
21.0406213,105.7639267
20.9956494100906,105.800239834605
10.783903,106.64657
10.762348,106.612866
10.819787,106.686098
20.9227717,105.8588876
21.0541501,105.8372797
10.7552097,106.6287129
21.0246774,105.7106622
21.027814,105.8423538
20.969107,105.77782
21.0447545,105.79776
10.760058,106.709244
20.9894008,105.5720183
21.0052147,105.9378612
21.0088781,105.7498548
10.859666,106.776183
20.9978492,105.9432612
21.014813,105.7964596
20.988516,105.80906
21.0372665,105.8724695
10.8027117,106.7484922
10.861003,106.813487
10.781501,106.635762
10.802398,106.709345
10.858916,106.777848
21.0136162,105.7909679
21.0093282,105.7172731
20.971594,105.7812
10.759639,106.599872
10.8054382,106.7360458
10.799196,106.656221
10.7780544,106.7571448
21.053705,105.877178
21.044081,105.810178
10.812533,106.688081
10.7499596,106.7096579
10.792779,106.670323
21.007043,105.810229
10.731108,106.7432754
10.824148,106.686571
21.0121365,105.826066
10.795434,106.682422
21.0375473,105.8490681
21.0506405,105.9136173
21.0735016,105.6941816
10.8457244,106.637924
10.808264,106.625896
21.040133,105.848118
10.7376826,106.7279767
21.004494,105.828306
10.8556774,106.6854477
10.764975,106.650013
21.019322,105.844131
21.0032144364922,105.850954037054
10.772792,106.62728
21.0462282,105.9238183
10.776438,106.663587
20.967688,105.872038
21.0859047,105.8714189
20.989974,105.793232
21.002788,105.855704
10.802529,106.639643
21.062939,105.797736
21.0152242,105.8018821
21.035604,105.910833
10.790246,106.637393
21.05035,105.752893
10.8552882,106.8345235
21.003008,105.864424
10.802403,106.682392
10.754919,106.694453
20.987274,105.859714
20.966481,105.765441
10.8061067,106.7312033
20.989259,105.812981
10.795175,106.6697
20.8718885,105.8669408
21.0509602,105.7449357
10.830286,106.705637
10.736322,106.616132
21.0316444,105.7741387
10.7142205040185,106.616039119319
10.78349,106.685973
10.799517429326,106.718043371145
20.8676413,105.861479
21.0110573,105.804612
10.7606063,106.6997984
20.999509,105.804866
10.774982,106.635294
21.0023899,105.821978
10.7031984,106.6343198
21.042249,105.84319
10.8013468,106.7133885
21.0319478,105.8132755
10.7718378,106.6598587
10.793407,106.633202
21.039055,105.743452
21.009746,105.849996
20.992401,105.6763583
10.7699546,106.6886389
21.087927,105.811975
10.795259,106.666965
10.696805,106.745772
20.9447909,105.545538
10.795862,106.619987
10.7386511,106.7120061
21.04123,105.846414
10.7695835,106.6857746
21.0031418,105.8509683
21.0091336,105.8557941
10.7428305,106.7240463
21.0051619,105.7827978
20.9791962,105.8120445
20.977166,105.824316
10.7588801,106.6942274
21.077225,105.81719
20.9898984,105.8783474
10.783032,106.6611091
10.833953,106.62111
21.029128,105.886118
10.795618,106.620492
10.7275937,106.7269312
10.7752596,106.703255
21.0251963,105.7889562
21.019435,105.807856
21.030257,105.822542
10.968786,106.54813
21.015572,105.812568
21.014165,105.9395688
21.0013312,105.8141345
10.7907017,106.7540313
21.058862,105.825749
10.804076,106.858835
10.7225372,106.6552501
21.088326,105.785846
21.04424,105.754748
10.8059124,106.6680673
10.824345,106.691434
21.035625,105.8086653
21.0219381,105.8222454
21.0223447,105.8355849
10.777407,106.707033
10.7994729,106.623932
10.793796,106.744932
21.001092,105.8690697
21.0022,105.844822
10.7670855,106.6932807
21.01865,105.7947923
20.983726,105.842452
10.771287,106.687175
20.9853529878534,105.794672808921
10.792615,106.641925
21.033887,105.765841
20.9793103,105.6734267
10.7767701,106.7053088
10.813127,106.693617
10.7821612,106.7605795
10.79728,106.685745
10.841819,106.662384
21.08719,105.809074
21.002728,105.857024
10.719207,106.633565
21.0061942,105.7917368
20.992198,105.799553
21.001988,105.787681
10.7645193,106.6625217
10.763353,106.7592266
20.9871246806801,105.835690912841
21.049022,105.7212639
10.925546,106.628258
21.057413,105.895262
21.002183,105.824572
21.034553,105.846383
21.0328873,105.8434293
21.0618532,105.9834118
10.7921136,106.6980774
21.0485891,105.884917
10.8013328,106.6333705
21.012225,105.786353
21.0246148,105.8462217
10.719463,106.619408
21.0265046,105.8423965
10.7698339,106.6911556
10.8008667,106.6906429
21.014034,105.865759
10.8341184,106.7608031
20.999832,105.756929
10.754654,106.661533
10.845267,106.755943
21.0425552,105.8966551
21.1434989,105.8710585
10.771916,106.68602
21.004974,105.822218
20.9618298,105.7991005
10.7500616,106.6353581
10.767509,106.649814
10.7932834,106.6421991
10.878879,106.774955
20.9756659,105.7893419
20.931649,105.7984692
10.778896,106.641165
10.867468,106.67515
10.7688096,106.6874507
10.795325,106.636754
10.845349,106.653678
10.789528,106.674818
20.9767708,105.7909314
21.0033765,105.8482862
20.981528,105.959474
10.82301,106.635297
21.032496,105.809125
20.9830217,105.8950133
10.7231599,106.7094574
10.7446368,106.6430496
10.805649,106.637759
10.804075,106.717386
10.790182,106.711383
20.985444,105.81459
10.803063,106.801259
10.809956,106.664865
21.0070244,105.8202179
10.803888,106.618803
10.851457,106.74804
21.1338077,105.502278
10.800403,106.644599
10.793519,106.662703
20.9682077,105.7696603
10.7719073,106.6951682
20.986725,105.8412569
20.9830766,105.8129504
10.792788,106.653533
21.02906,105.884741
10.764317,106.642181
21.0712745,105.9000041
21.0130218,105.7757309
10.810194,106.608716
21.027946,105.810061
20.96019,105.842383
10.7798518,106.64433
21.0070352,105.7595537
21.0390103,105.8982349
10.830307,106.670085
20.9937195,105.7963068
10.773698,106.664668
10.7874725,106.7533131
10.7710415,106.7037428
10.7718406,106.703915
21.01596,105.856391
10.8199052,106.7036999
10.7427826,106.7405691
21.016164,105.824915
10.7640108,106.6872844
21.0519203,105.7817105
10.747357,106.612127
21.065107,105.779439
21.1075666,105.5588488
10.754,106.594465
10.8132801,106.6849841
20.986251,105.855892
20.968558,105.779881
10.7899799,106.6940041
20.989742,105.931202
21.1684597,105.7896839
21.0162150523445,105.828526684858
10.7890941,106.7001357
20.998396,105.85209
21.0023083,105.9390315
10.8281012,106.772231
10.7962813,106.6673385
10.806036,106.697254
10.7429934,106.7216704
10.7396643,106.7301449
10.761489,106.666821
21.0724029,105.8165959
10.844976,106.761686
21.1735385,105.8654407
10.754737,106.70865
10.772747,106.508789
10.7936707243047,106.651888778681
21.004261,105.816721
21.002213,105.805241
10.7849973,106.6573123
10.798711,106.659145
20.99937,105.8573008
10.7416831,106.6388929
21.0244838122745,105.851222342549
10.756162,106.656694
21.023569,105.805173
20.9584032882116,105.759714816187
10.801094,106.689257
21.0171175,105.8334839
10.806984,106.683896
10.8578294,106.6886813
10.807887,106.66314
21.0205134,105.9392465
10.7632372,106.6928538
21.023378,105.832225
20.9642604,105.7686564
10.7940614,106.8434714
10.810788,106.706597
10.8029409,106.7300751
11.0852576,106.4863782
21.0361345,105.7732469
20.971556,105.787868
21.1271274,105.5537148
10.7786365,106.6797281
21.054259,105.78711
10.8044109,106.6409638
10.796052,106.659708
20.958029,105.846406
20.967446,105.7304415
10.763994,106.644438
10.798688,106.64969
10.800997,106.657538
21.033042,105.85446
10.7915909,106.7102745
10.74777,106.676052
10.759465,106.6664817
10.7992509,106.5882578
10.82618,106.683528
20.9805109,105.7752236
21.1221145,105.8375983
21.091928,105.783417
10.7794752,106.6909917
21.041224,105.8482088
10.7959019,106.639977
10.8235742,106.7694974
10.850434,106.734771
20.9983674,105.8598
10.880905,106.722051
10.9036878,106.6239167
21.032563,105.9164021
21.0044554,105.7993791
21.0411671,105.815656
10.841434,106.821764
21.069781,105.810498
21.019816,105.8425051
10.80957,106.666805
21.0497437,105.7096745
10.7228552,106.7141681
21.0281573,105.918111
10.7936571,106.640272
21.088749,105.781938
21.0148925,105.9468267
10.7731258,106.6975772
10.766256,106.671884
21.0132752,105.8551073
21.052238,105.797793
21.0523331,105.8090081
10.823126,106.704156
10.803322,106.659688
21.016883,105.853615
21.0321872,105.8298733
20.9391414,105.8498615
10.7293443,106.62574
21.0537,105.744754
10.7562958,106.6510222
10.817443,106.721253
10.793585,106.676662
21.0078221,105.8179004
10.789221,106.708637
21.0425696,105.7736563
21.0258353,105.9837015
10.8174611,106.7309984
21.019038,105.80995
10.7140893,106.7384901
10.7065565,106.7373972
21.015204,105.8251494
21.008348,105.7040791
20.9844873,105.749014
21.0063175,105.7969519
21.011306,105.831038
10.71813,106.622434
21.0454141,105.8156634
21.010132,105.815834
20.9723101,105.7840323
21.0214032,105.9093545
21.022581,105.852581
21.028952,105.941051
10.760073,106.656417
21.0329542,105.7935134
10.70062,106.654284
20.998809,105.855612
10.75759,106.674386
21.030448,105.828554
21.0406513,105.7806874
21.1856436,105.7804559
21.043528,105.898221
10.874667,106.574986
21.044582,105.849836
20.9119974,105.8314832
21.032633,105.844534
10.769421,106.620232
20.989974,105.854028
21.0353243,105.8142832
10.6589802,106.59247
20.999246,105.820581
10.7933353,106.6895955
21.0231089,105.8483873
10.7555184,106.6483511
21.0816366,105.5031184
21.0011398,105.8825063
21.0399951,105.8826336
21.028696,105.812612
10.858158,106.743695
10.763931,106.675769
10.753532,106.664134
10.7517941,106.643572
10.887326,106.632469
21.0001256,105.8616081
10.781417,106.662358
21.0405743,105.873736
20.9795816,105.8438182
10.752404,106.666028
21.032225,105.852971
20.982651,105.770266
10.7602179,106.6837544
10.8918946,106.5704434
10.774172,106.6883145
10.800249,106.649001
10.771869,106.627036
21.0191712,105.8206014
10.799116,106.699404
10.844137,106.668033
21.003295,105.85041
10.806932,106.687283
21.0127642,105.7830863
21.0766602,105.9074261
10.765228,106.665619
10.776031,106.640647
10.79711,106.623798
10.763842,106.629586
20.9965931,105.7882153
10.759035,106.680463
10.88257,106.648549
20.924923,105.7084467
10.8219014,106.779746
21.0013682,105.8259691
21.0061165,105.8038604
21.0863906987618,105.6330026583
21.0413735,105.9171703
21.022397,105.776303
10.743797,106.653085
20.9938193,105.4602825
10.7470793,106.7021232
20.9358378,105.8377785
10.838838,106.6126672
20.986303,105.8783945
10.7699609,106.7015631
10.771924,106.689094
20.999991,105.80202
10.788246,106.599566
10.843322,106.6517334
20.938821,105.731414
10.7530309,106.6917138
10.8035058,106.6900081
20.9868914,105.7776453
10.7929733,106.7002365
10.770157,106.614177
10.792161,106.677998
10.792747,106.711602
21.0469571,105.8110019
10.791894,106.6722
10.7357783,106.7472634
10.751864,106.675248
10.812372,106.61943
10.76075,106.646294
21.0018601,105.8436059
21.0181243,105.8004427
10.755513,106.701619
10.740328,106.629449
21.0291072,105.8298273
21.0045363,105.7174021
10.845366,106.76979
10.822567,106.685321
21.006296,105.722672
10.791714,106.66939
10.790612,106.635216
10.7784803377682,106.655875002317
10.787042,106.639185
21.009174,105.834798
21.022657,105.889475
10.850753,106.764082
21.020624,105.84997
20.946245,105.743847
21.0116485,105.9662353
10.794121,106.684122
21.0426402,105.8025409
21.0483472,105.7900098
21.1163964,105.8754263
21.041117,105.877079
21.087427,105.790944
10.7745276,106.6965488
10.788335,106.657746
20.967528,105.845098
10.7737003,106.6488367
10.843876,106.76662
10.7049142,106.7353902
21.0287727,105.8394513
10.7762789,106.7009955
10.7983166,106.738944
20.976773,105.883521
21.0072,105.82119
10.834469,106.664676
21.038977,105.766212
10.7696577,106.682521
21.000894,105.80723
10.79351,106.718263
10.746656,106.689016
10.833651,106.623292
10.789212,106.698774
10.7354062,106.6504217
21.09899,105.931064
10.836742,106.613162
10.785143,106.6952776
10.8386427,106.6063876
10.684462,106.749881
10.745589,106.584408
10.8132451,106.6818002
21.0165358,105.8498301
10.815969,106.695964
20.97035,105.78791
21.026245,105.83354
10.773274,106.646986
10.78906,106.7094868
10.7711222,106.6906139
10.8540518,106.6771931
21.0462501,105.7870461
10.764238,106.653159
10.7846756,106.6686506
10.812697,106.77133
10.806094,106.681302
21.001454,105.803358
21.0333111,105.8335649
10.819655,106.704156
20.9234273,105.8514744
10.7301884,106.7003289
10.826663,106.636219
10.800921,106.639632
10.763798,106.668048
20.9573336,105.724873
10.805871,106.715968
10.7546146,106.6399495
20.98432,105.794797
21.072828,105.898697
10.7829157,106.6955624
10.8418398,106.772159
10.792337,106.713177
10.762108,106.66492
21.1673685,105.8575911
10.863722,106.742199
21.032205,105.850505
21.001075,105.860349
10.772467,106.6949592
10.797862,106.6881263
10.7780777,106.7025356
21.0150362,105.9257081
10.8804112,106.7683351
20.962393,105.747538
20.9856044,105.4763315
10.8405792,106.598808
10.7810735,106.7001203
21.032699,105.849457
21.027651,105.830193
10.78298,106.599047
20.998135,105.840306
10.771684,106.680229
10.947872,106.551763
21.0254554094729,105.843283933218
21.0036964,105.6700668
10.698992,106.589088
20.9672608,105.8183086
21.035898,105.851823
21.0500086,105.7403024
10.740092,106.709904
10.846593,106.723011
21.1403764,105.8498499
21.0432863,105.8464137
10.7792025,106.6467293
21.0400412,105.8069923
10.777919,106.624771
21.0314929,105.7865449
21.042386,105.8051849
10.832696,106.638546
21.0358105,105.8136389
21.0685952,105.920007
10.7678695,106.6744429
21.0797461,105.6854223
21.0287346,105.5181369
10.772203,106.67034
10.724485,106.653775
10.7675247,106.6981311
10.8483593,106.7550195
21.0529639,105.8934465
10.7781005,106.6917808
10.7424649,106.7157587
20.994972,105.841313
10.7289064,106.7049518
10.8022736,106.7193474
10.725135,106.679661
21.1774594,105.831672
10.7998045,106.7443309
10.966363,106.505054
10.805208,106.590148
10.7582107,106.6127658
21.021899,105.853672
10.796941,106.632976
10.732112,106.61633
10.876302,106.733101
20.9713799,105.7681476
21.029937,105.822153
20.9784862,105.8482367
21.0331261,105.8538258
10.7712565,106.7032845
10.788952,106.6906256
10.9906547,106.4652217
21.0244229,105.8569002
21.0419296,105.880878
21.038616,105.84717
21.022049,105.848612
20.9998713,105.8111506
10.766602,106.683452
21.0236141,105.7978285
21.042111,105.846335
10.855929,106.746135
21.0189701,105.7865599
10.790871,106.714991
10.8419926,106.6604707
10.802289,106.689592
10.854086,106.651518
10.821897,106.638988
10.803249,106.676905
10.775077,106.647846
10.810011,106.697756
21.0366453,105.7712619
10.7436699,106.6284953
21.0746035,105.7842981
10.7757506,106.6895361
10.7842171,106.7607803
21.0298635,105.8501345
10.7332821,106.7015988
10.7764703,106.6539128
21.0465951,105.8420227
21.052142,105.837155
10.763767,106.705077
21.0306641,105.9210525
10.7317422,106.7198483
10.85896,106.602172
10.872337,106.63065
20.9483697,105.8461237
10.854715,106.707544
21.009015,105.783095
10.9679259,106.5994102
10.3809048,106.9025511
10.715969,106.585602
10.7636537,106.6894837
10.792848,106.7816397
21.0283191937969,106.003905009898
20.976559,105.844323
21.013539,105.851073
21.031442,105.856881
10.7846571,106.6866482
10.8353733,106.6443817
10.790314,106.630781
20.9663286,105.7208245
21.0210388,105.8798768
21.008881,105.820779
10.828984,106.617322
21.018429,105.854863
10.812667,106.701014
21.0120352,105.8655045
10.7486812,106.6507669
21.02717,105.835782
10.758619,106.647955
10.7558829,106.6590388
10.8015621,106.6308948
10.7581157,106.6351765
21.0463105,105.8850462
10.790645,106.63187
10.816129,106.621416
20.969304,105.77269
10.842382,106.630746
10.714921,106.734522
20.966927,105.782591
10.7788749,106.6735501
10.9795067,106.505741
21.029001,105.817498
10.834626,106.755273
10.7327761,106.6524025
10.7872329,106.6738515
21.0450433,105.881955
20.9528777,105.8342297
10.956526,106.631636
21.008046,105.823717
10.876901,106.599241
21.009683,105.860347
10.8005936,106.6481314
10.809214,106.693437
10.804371,106.600884
21.001991,105.841242
10.779652,106.688945
21.0029024,105.7327259
10.7984341,106.685586
10.804201,106.62567
21.0023109,105.6568698
10.805246,106.687071
20.9432057,105.8526304
10.934497,106.645955
10.757959,106.674658
20.960941,105.818565
21.0020685,105.8081994
10.755437,106.6373232
10.7677893,106.5262393
21.051172,105.755838
10.7979259,106.6583292
10.779282,106.662406
20.96924,105.829136
10.8747771,106.6225513
10.766778,106.6942453
10.8122815,106.6864029
20.966994,105.779838
10.792808,106.629572
10.74883,106.656362
20.973075,105.781977
10.7396992,106.6960724
10.7708085,106.6551476
10.7381244,106.7202767
10.766332,106.634364
10.789452,106.659859
20.9158546,105.8720972
10.8548876,106.6558412
21.0287701,105.8485404
10.772811,106.698526
10.790972,106.650009
10.8794102,106.6287457
10.785044,106.522932
10.792542,106.623844
10.768232,106.692122
20.9364726,105.7270864
21.035762,105.853346
10.798085,106.669908
21.0476613,105.9168633
21.027858,105.842624
20.968385,105.8450588
10.791473,106.656005
10.77061,106.6745497
21.018731,105.829859
21.033317,105.838527
20.8606176,105.868057
10.691861,106.574913
20.9976096,105.9335663
10.7606513,106.6913006
21.010619,105.836553
21.0653723,105.8808993
10.783281,106.637888
10.7785703,106.6836361
21.009394,105.86696
10.7604498,106.6953186
10.7963525,106.6826113
10.814476,106.697843
21.0089485,105.8094563
10.7595803,106.6879133
21.015825,105.775956
20.997919,105.827148
10.755281,106.666452
21.0662389,105.8705469
21.037502,105.848108
10.7722603,106.6882117
20.97132,105.784444
10.706389,106.643927
10.780028,106.637525
10.8120065,106.8661603
10.8035372,106.6888507
10.8754855,106.6518514
20.96412,105.832615
10.7674132,106.6972644
21.0125461,105.8176944
10.661376,106.575764
10.796141,106.678976
10.802113,106.587988
10.785295,106.643302
10.793209,106.622532
21.031404,105.853996
10.737322,106.675483
21.090835,105.7324149
21.065658,105.828512
10.808628,106.828085
20.973436,105.778822
10.80903,106.6743927
21.1095419,105.5095829
10.867833,106.64506
21.016617,105.857584
21.00629,105.870904
20.980834,105.847804
10.845121,106.77075
21.0431995,105.8432549
20.9766184,105.8329248
20.9574298,105.7892183
21.0278725729096,105.834185896017
21.0250365,105.8609484
10.75814,106.688682
10.8073991,106.7803655
21.020482,105.846757
10.719219,106.628146
10.768288,106.658686
21.2186557,105.8489228
10.817348,106.684116
21.0312547,105.7350746
10.80444,106.700039
20.946958,105.6993131
10.812342,106.7092
21.029649,105.8459708
10.8178575,106.7709014
21.0170494332292,105.847796323977
10.7866916,106.6973749
10.747055,106.673042
10.776084,106.638413
10.790372,106.661511
10.76144,106.654085
10.794761,106.709336
10.7079789,106.7320128
20.9694361,105.7791237
10.776103,106.671963
21.0163155286534,105.841427628591
10.7716866,106.6778233
10.797446,106.686247
10.782727,106.658798
10.782256,106.664576
10.808834,106.60834
10.751816,106.710501
21.0029194,105.8414624
20.975732,105.834499
10.804479,106.7289258
10.970954,106.473417
20.993304,105.889714
10.843993,106.782507
10.751878,106.659025
21.011603,105.8626888
20.9816618,105.7466191
10.701721,106.741856
21.027822,105.808423
21.03474,105.852398
10.764007,106.668963
10.6653974,106.5719299
10.808915,106.634104
21.043311,105.765292
10.799737,106.672527
10.835112,106.639603
21.0699595,105.8549498
10.7493331,106.7158631
20.980262,105.779429
21.027053,105.815255
21.0466476,105.5065298
21.0378671,105.9061366
21.0295269,105.850406
10.8126769,106.519483
10.740684,106.713715
10.780771,106.660731
10.770252,106.6583108
10.7883857,106.6699995
10.870314,106.618629
21.015812,105.855366
10.845437,106.765758
10.866532,106.639481
10.793017,106.683576
21.1129905,105.8937149
10.769346,106.678271
10.8033149,106.735694
11.005175,106.427004
10.7508093,106.6565174
21.0131715,105.822865
10.753301,106.590753
21.0877397,105.660721
21.04162,105.8423791
21.086477,105.6642356
20.9348487,105.8054913
10.831697,106.682511
10.7432426,106.6346622
10.808713,106.677093
10.817378,106.693849
10.7930687,106.6392562
10.7522147,106.6427979
10.75778,106.679498
10.797409,106.696295
10.846526,106.765236
21.040856,105.900962
10.7643954,106.6963952
10.7751082,106.7045524
21.036861,105.845411
10.873568,106.655109
10.7577988,106.6437699
21.001333,105.8360148
21.043947,105.844171
10.743448,106.710155
10.748459,106.615006
10.685295,106.735046
10.7662393,106.6893562
21.074443,105.727849
21.036651,105.847769
10.7680192,106.6889608
21.058872,105.896977
10.759853,106.668685
10.80939,106.631026
21.1131721,105.7545608
21.067419,105.797733
20.971684,105.784555
10.8557127,106.7371229
10.8428054,106.7453585
10.683036,106.700658
20.9423791,105.8694548
10.7482437,106.5588687
10.741481,106.659062
21.037533,105.764115
10.835236,106.670409
10.784703,106.604125
10.832974,106.677759
21.042467,105.902393
10.7520011,106.6574658
10.797884,106.672744
20.9989693,105.9183761
21.042051,105.826239
10.797372,106.68825
21.0384502,105.8491268
11.1366891,106.4746255
10.810003,106.58914
21.025725,105.831962
10.814982,106.8055289
21.015036,105.830054
10.799982,106.607099
21.1801077,105.9180042
21.0321465,105.8718786
10.8103322,106.6828818
10.7395391,106.6318653
10.780852,106.624675
21.0424768,105.915948
10.7622087932219,106.656297633641
10.7964268,106.7350594
10.806385,106.62936
21.0123093,105.8391686
21.0339792,105.731007
21.0028933,105.7227044
21.078745,105.787833
10.8029,106.68192
10.800653,106.617775
10.7503476,106.6320551
11.003977,106.50091
10.7420361,106.716766
10.7681735,106.7027741
10.7543804,106.6775415
21.0035413,105.9092817
10.781788,106.685891
10.7464181,106.6600554
21.029435,105.83672
20.9990722,105.8233189
10.69503,106.718127
10.7267967,106.7201033
10.871052,106.628632
20.8465112,105.9016007
20.9182353,105.8441992
21.035555,105.847022
20.969175,105.777907
21.030443,105.838478
20.8537224,105.7684022
10.7924,106.708083
10.81815,106.63388
10.8062002,106.6040544
20.987854,105.806238
21.062101,105.916493
10.810729,106.690286
10.66272,106.774706
11.026422,106.4851911
21.056631,105.899247
10.7621273,106.5879959
21.007694,105.84363
10.7777773,106.6988802
21.2296953,105.7893129
10.799088,106.634187
10.784967,106.691023
21.0442389,105.7784652
10.751705,106.66634
20.9716882,105.884343
21.015204,105.847805
21.043399,105.851635
10.76294,106.656635
20.969368,105.781013
21.046273,105.84462
10.9623141,106.486415
10.794736,106.657451
21.0113323,105.8017317
10.7557336,106.6372686
20.9448556,105.8507742
10.823518,106.689018
21.035601,105.80608
10.803959,106.681459
10.7760458,106.6861038
10.7607568,106.6607416
21.0582251,105.9082494
21.044547,105.843119
10.7279863,106.6125829
10.8334157,106.7783342
10.7698708,106.6446362
10.745174,106.670808
21.012473,105.863608
21.040728,105.7023087
21.0029701,105.6392603
21.1260574,105.5021204
21.0228923,105.851908
10.777181,106.68421
10.763545,106.671441
10.788886,106.695772
10.7688587,106.675271
10.769045,106.700187
10.751271,106.677597
10.792557,106.615677
10.800383,106.6925271
20.9872888,105.8383403
21.026158,105.857867
10.785476,106.646981
10.794132,106.624927
10.9776962,106.4987258
10.6698149,106.6402969
10.765759,106.654483
10.7992777,106.6826278
21.2041074,105.8318301
20.9910993,105.8727165
20.7378549,105.9135758
10.790638,106.696849
10.7472837,106.6430513
21.1285308,105.8784658
10.79599,106.676599
21.1553464,105.4800701
10.79861,106.691372
21.0052678,105.8414191
10.7580481,106.6490056
21.031342,105.832744
10.7669525,106.681263
10.791668,106.691987
20.9783479,105.459204
10.7939515,106.7059029
10.718702,106.605677
10.880664,106.608881
21.0091148,105.8009096
20.9379286,105.8478501
10.75805,106.712552
10.789334,106.635023
10.828426,106.639313
10.776618,106.643551
10.7857167,106.7346347
10.761145,106.629562
21.0326143,105.8311946
10.835691,106.66153
10.797642,106.675116
10.759162,106.665501
10.8776122,106.5781648
10.8908409,106.5948997
21.0330584,105.8527431
21.0133094,105.8591422
10.800813,106.685292
10.8044515,106.8155917
10.8224434,106.760846
10.807013,106.667815
10.76337,106.6501
21.0843109,105.7796336
10.838483,106.57913
10.850613,106.6144631
10.814786,106.60469
10.89617,106.61051
21.040658,105.844132
10.792875,106.687608
10.8419377,106.7755447
21.0331826,105.8191117
10.82109,106.6961571
21.009664,105.771176
21.0616126,105.9130833
10.7782972,106.7533407
21.0753782,105.8927212
10.861523,106.665369
21.1202707,105.7066077
21.046638,105.846859
10.8041755,106.6279907
11.0344378,106.5651396
10.879054,106.599323
21.044309,105.9121592
21.1352536,105.6859265
21.075444,105.773554
10.9615696,106.4736645
10.783127,106.691137
20.98363,105.887251
10.74346,106.71174
10.7450588,106.6979118
10.739332,106.616167
21.0186804,105.818625
10.750125,106.679095
21.01914,105.812394
10.804719,106.696582
10.864453,106.729876
10.781315,106.686931
20.966802,105.775105
21.0779113,105.683908
10.7700239,106.7674809
10.7913916,106.799475
21.0038346,105.7424146
10.9965039,106.4077713
10.80198,106.700926
20.9405726,105.8050339
10.8071324,106.6627804
21.0430203,105.8414638
21.3573861,105.8232213
10.780824,106.678744
10.80446,106.641729
10.794391,106.662466
21.044486,105.844705
10.756564,106.70614
10.759265,106.706874
10.806072,106.64387
10.9890916,106.4516767
10.7934163,106.6887021
10.757607,106.66737
10.845847,106.615589
21.005374,105.82176
10.839197,106.642556
10.7452618,106.7292687
21.032538,105.855508
10.810486,106.675301
21.0811164,105.7853679
21.0366733,105.854047
21.035116,105.810434
20.8775244,105.7956711
10.80051,106.646268
10.7578152,106.6583523
10.7924554,106.6892966
10.8747722,106.6409507
21.0653645,105.8244356
10.767867,106.680064
10.7883901,106.7033028
20.994892,105.772923
10.796046,106.672541
10.7962368413002,106.674392970672
10.7669283,106.69091
10.7684023,106.6714116
10.747087,106.649568
20.992149,105.843127
10.8400495,106.7720303
10.7298125,106.7359417
21.070013,105.801698
10.76889,106.6984869
20.9545913229529,105.754734655427
10.811509,106.668321
20.9452213,105.8459013
10.410459,106.954724
10.8054479,106.6884788
10.713322,106.624557
21.036313,105.740984
10.7917692,106.6675013
21.0033005,105.8193668
10.792266,106.681283
10.769628,106.664442
10.84188,106.746869
10.775294,106.686401
10.796862,106.662727
21.067376,105.832104
10.8665999,106.7341656
10.5057183,106.7659051
10.798659,106.812624
20.999154,105.785269
21.0183313815025,105.851661854551
20.9819493,105.8007806
10.79358,106.672431
20.9978316,105.7212111
10.825042,106.734353
10.804557,106.661085
20.9948961,105.9635176
20.993159,105.817197
21.0337301211918,105.847281504343
21.025509,105.853107
10.761685,106.617494
10.8089001,106.690587
10.81699,106.680988
20.97237,105.778447
21.0110359513149,105.856606551967
10.8274983,106.6813743
21.0064235,105.8020522
10.7554111,106.6860178
10.7619279,106.7079872
21.0442487,105.7917128
10.8012611225437,106.683521757533
21.2021849,105.4192092
10.7504185,106.7181192
21.0667853,105.7891384
21.1510189,105.5904886
10.865156,106.605934
21.042766,105.84542
10.9620717,106.5118063
10.864868,106.634184
20.9199261,105.759853
10.768095,106.695308
21.0160509,105.8536396
10.727416,106.695874
10.747411,106.665146
21.032658,105.851276
10.6746943,106.6438381
10.760464,106.649686
10.7380925,106.6280965
20.990766,105.837009
21.024258,105.862203
11.0146572,106.5527596
10.790083,106.699142
11.1145806,106.4758183
10.74443,106.65786
21.022346,105.85977
20.969707,105.788525
10.646394,106.631348
21.2223977,105.7420682
20.8881768,105.7677502
10.803884,106.601777
10.85126,106.600329
10.7785222,106.7688138
20.9988675,105.8617033
20.9843464,105.819663
21.033082,105.850319
10.7819201,106.6548866
10.7882235,106.6782461
21.2575665,105.8481522
10.739691,106.678165
10.8519389,106.7840984
21.030715,105.856206
10.7401229,106.6563425
21.0788861,105.7737044
10.880327,106.729664
10.873345,106.725203
10.742487,106.684895
10.826577,106.819703
10.8023335,106.6918728
10.788504,106.713301
10.78829,106.682555
10.794196,106.680962
21.0917325,105.6629769
21.008937,105.831626
20.929604,105.8524384
10.866236,106.627782
21.086973,105.811147
20.978,105.824622
20.9738149,105.7771101
10.760532,106.677134
10.751768,106.666849
21.064821,105.810748
21.0741209,105.8242173
10.7708488,106.7004495
21.0667355,105.9040007
10.756109,106.703702
21.087364,105.795599
10.8555326,106.6403295
10.76666,106.667409
10.798367,106.6674003
10.7821592,106.750466
10.83226,106.689944
10.803582,106.817402
21.031746,105.848902
10.744397,106.712677
10.804511,106.689453
10.761965,106.614561
10.791445,106.663255
10.747956,106.613701
21.017363,105.8582436
10.7832552,106.6623611
10.782795,106.7008091
10.7879592,106.7596975
10.81574,106.682661
10.772546,106.680707
10.7906402,106.6895494
20.9726513,105.8264875
21.0028252,105.9393154
21.090957,105.787416
10.81976,106.689991
10.9792917,106.5687532
10.757066,106.69327
21.0119583,105.7923665
10.8386,106.6081694
10.838902,106.762044
10.68929,106.74588
10.7149895,106.734078
21.1224189,105.770008
10.800897,106.68202
10.7717506,106.6527505
10.755014,106.656074
10.7998948,106.8073694
21.042086,105.843816
10.7446204,106.7158625
21.041096,105.848312
10.8149796,106.6718917
10.7336531,106.6288503
10.7747618,106.6814923
21.0017610900026,105.818144430209
20.989217,105.861332
10.808335,106.672155
10.76746,106.6632
10.873366,106.631989
10.851521,106.754893
10.828344,106.685134
21.0550072,105.9127932
10.7654359,106.6180631
10.787549,106.7338454
10.8463027,106.7648069
10.8163669,106.7798024
10.779451,106.678581
21.026385,105.839904
10.77444,106.754951
10.7604374,106.6711353
21.030248,105.834472
10.613892,106.857054
10.77697,106.690618
21.020148,105.845899
10.7905129,106.6734173
10.775017,106.632068
20.965144,105.766716
21.019824,105.847012
10.7624264,106.6898242
10.753035,106.661411
21.0307193,105.8535864
10.753826,106.66016
20.9948167,105.8621103
10.7656034,106.676836
21.009502,105.845721
10.73582,106.720849
10.8246709855308,106.627906293784
10.8158993,106.6861983
10.8519837,106.7538125
21.0813896,105.5079249
10.802942,106.69437
10.7680365,106.6840711
21.0556555,105.9134497
10.804743,106.63371
10.7724885,106.6915806
10.7519981,106.7218759
10.7835012403179,106.690751078057
10.735659,106.647455
20.9140819445368,105.62821947957
21.095688,105.733314
21.0620181,105.9154989
10.7541682777443,106.676894304352
10.754089,106.681817
10.745378,106.620743
10.7655618,106.6956596
10.7527495,106.6527888
10.825284,106.684945
20.979266,105.77911
21.034475,105.852138
21.010397,105.8384
10.7660321,106.6822473
10.8542421,106.6253639
10.791922,106.716225
10.7681977,106.6892234
10.8738134,106.7674513
10.785104,106.648335
10.774147,106.7249589
10.870014,106.643021
10.803394,106.703489
21.0222056,105.8577002
10.79115,106.652596
10.784858,106.6450502
21.014113,105.823252
21.1601832,105.7817268
10.8157142,106.5957699
10.8646,106.640613
21.022752,105.855238
21.0099228,105.8462096
10.784802,106.662
10.9363093,106.614037
10.726453,106.7082324
10.812923,106.626271
20.9965615,105.8828235
10.80559,106.641381
10.761246,106.705484
10.7467274,106.6512501
21.00196,105.858727
10.782743,106.626868
10.813898,106.626291
10.805112,106.63956
10.7807327,106.6798837
10.798645,106.688814
20.9846391,105.8390382
21.0159425,105.803567
10.836853,106.627448
21.2673419,105.8534059
10.7781556,106.7011927
10.804687,106.64645
10.779053,106.633517
10.773234,106.678434
10.8165804,106.7151551
21.015142,105.850216
10.7586289146952,106.625012030101
21.032076,105.846797
10.7504592,106.6295701
21.008613,105.841343
11.1157829,106.5021367
10.804986,106.642679
10.8431938,106.7752567
21.0126941,105.7753418
10.876326,106.76428
21.0172716,105.8557465
21.0908767,105.7032495
20.9674354,105.725725
10.7704493,106.6222946
10.8895317,106.6034306
10.8184326,106.8721317
21.0156743,105.8594969
10.792337,106.792316
10.7486574,106.64253
21.0143196,105.7968368
10.7858406,106.7646826
21.072694803521,105.802959309842
10.791736,106.674628
21.0589742,105.9160303
10.791194,106.647518
10.790561,106.708723
10.792315,106.619083
21.0347752,105.9017905
10.8047578,106.6395726
10.805419,106.699204
21.0382874,105.9222528
10.8474727,106.780098
10.8745075,106.6191176
10.9524835,106.5164271
10.7689384,106.6518818
10.7643253,106.7052456
10.8975627,106.5971954
21.0348,105.7384168
21.1299235,105.7370811
10.786916,106.684696
20.956552,105.828987
21.0118835,105.7608657
10.7576372,106.6781211
20.9962732,105.9533119
10.786869,106.646568
20.9806275,105.8189674
10.6798392,106.6029031
21.0440578,105.7902868
20.9880459910425,105.888480906519
10.74675,106.685909
10.801945,106.700207
10.768076,106.652941
21.096923,105.915424
21.0841972,105.6649884
10.794242,106.635775
10.7888791,106.6831771
21.01739,105.843742
10.6901055,106.6891404
10.7321562,106.708515
21.0306439,105.7763172
10.793729,106.634252
10.8631281,106.5811059
10.7413138,106.6403828
10.7905205,106.6922605
10.7718465,106.6778005
10.8407622,106.7754483
10.7852801,106.6714316
10.7816562,106.722757
10.86117,106.605518
21.0105031,105.9096307
10.767754,106.6402105
10.799577,106.650927
10.809073,106.601285
20.970682,105.760083
10.8063881,106.7410363
20.936626,105.7272153
10.8613818,106.7112221
10.7650888,106.6972567
10.686878,106.64266
20.9574198,105.7384789
10.870989,106.637168
10.7652376,106.7829695
10.7301123,106.708597
10.844895,106.6828
10.7943484,106.6908078
10.74593,106.669044
10.847432,106.770356
10.7612668,106.6923906
10.795276,106.69472
10.9767227,106.505438
10.800291,106.666028
10.796551,106.648351
10.7505026,106.686576
10.762161,106.648609
20.9298714,105.8562507
21.01884,105.842237
10.814468,106.721421
10.774439,106.652394
11.003008,106.589497
21.023516,105.846602
10.6741225,106.7360898
10.832606,106.644308
10.78231,106.686412
20.971401,105.778138
21.0449726,105.7770445
10.7575395,106.645661
21.0433154,105.8152668
21.0072366,105.8156175
10.751286,106.67404
20.973826,105.894216
21.019459,105.852631
10.730057,106.521224
10.755141,106.658449
10.965406,106.500173
20.9132578,105.6184962
10.7609732,106.7074951
10.8246483,106.7040321
10.792764,106.634619
10.7420719,106.6281924
10.7626962,106.7671739
10.7918788243996,106.695857172258
21.005864,105.833785
10.75254,106.602066
10.875888,106.739184
10.788127,106.635679
21.0848824,105.8141629
20.9710027,105.841233
21.0433322,105.817026
11.076668,106.438977
10.654869,106.586563
10.751674,106.61404
10.8549212,106.7403034
10.77421,106.637172
21.0180467,105.7906287
10.774326,106.7011212
10.798327,106.691886
10.796772,106.63252
10.82423,106.681357
10.758206,106.70102
10.753074,106.621713
20.971557,105.777353
10.767899,106.6937273
21.1314104,105.5099841
10.8839646,106.6505474
10.7412139,106.6959013
10.9807492,106.470691
10.846445,106.597485
21.083857,105.779358
10.759559,106.65199
10.76508,106.64609
10.770529,106.695128
21.2255096912269,105.848969888404
10.782996,106.624478
20.9914314,105.737516
10.8078696,106.8212529
10.746575,106.682688
21.015512,105.855541
10.669697,106.559462
21.03284,105.8405872
10.757601,106.706411
10.696449,106.684914
21.05203,105.7382657
10.7958798,106.6941601
10.849599,106.680854
10.7735536,106.7025738
10.766616,106.628473
10.7891997,106.6476653
21.3191128,105.8690159
11.1082579,106.4864258
10.737905,106.575014
10.78981,106.631608
10.873813,106.624451
10.808655,106.69959
21.0374892,105.8552888
21.0232852,105.7900372
20.9934277,105.8431607
21.033077,105.851936
10.860736,106.739182
10.755988,106.678524
10.7618325,106.6894528
21.059682,105.896334
10.8052429,106.6619762
10.7911947,106.693809
10.7716917,106.7048835
10.7835057,106.6529542
10.802717,106.700766
10.828632,106.626817
10.867361,106.629133
10.758488871052,106.661481030564
10.8113451,106.8489643
10.801158,106.62384
10.7901578,106.5905623
10.752104,106.662373
21.04535,105.840218
10.791444,106.632887
10.782003,106.680142
10.878454,106.652411
21.0609828,105.7520768
10.7972535,106.6927017
10.84132,106.647381
20.967541,105.759746
10.743491,106.7087584
10.75194,106.672539
10.7896926,106.6670383
10.795794,106.677765
21.029485,105.820778
21.077567,105.69362
10.786945,106.654154
21.01282,105.8562705
10.8444747,106.5966946
10.7789432,106.7049733
10.7518698,106.6697989
21.0200046,105.8380308
21.2709995,105.7432613
10.781288,106.624803
10.809811,106.627039
10.7640861,106.6654298
21.028185,105.839168
21.0849723,105.4879505
10.8567597,106.8021107
21.0594707,105.7456665
20.999992,105.852833
20.9358516,105.8431808
20.9733765,105.8408477
10.707129,106.623946
10.799143,106.620803
20.9748395,105.9116864
10.780134,106.634463
21.0213328,105.8470201
10.912262,106.678006
20.971521,105.776378
10.708802,106.627719
10.829524,106.610924
21.0019394,105.8596967
10.8085925,106.6959814
10.839973,106.770635
10.821208,106.67676
21.0605615,105.8953373
10.81134,106.619025
10.863648,106.706472
10.898658,106.688848
10.8759547,106.7431839
20.9980393,105.7951354
10.7852614,106.7689063
10.759121,106.651403
20.9653375,105.7695198
10.845047,106.773681
10.6598362,106.6517038
21.034173,105.817235
21.010015,105.847829
21.018366,105.855011
21.035832,105.855359
20.961723,105.865248
10.758426,106.670649
10.9445635,106.5410494
20.8813669,105.7857394
10.7546024,106.7419648
11.0184392,106.4884481
10.790998,106.645546
21.2847177,105.8598709
10.9874343,106.6065699
10.9692489,106.497161
10.7608546,106.6671027
10.8122122,106.7062349
10.806337,106.635927
10.8000762,106.6776845
10.81089,106.78559
10.7269585,106.6963443
10.79931,106.698314
10.981663,106.50008
10.790149,106.635619
10.762079,106.679278
21.0392449,105.8513975
10.755535,106.703523
10.7892846,106.796999
10.8813584,106.650859
10.776823,106.641043
10.9685,106.499618
20.96418,105.868355
10.799135,106.661763
21.027859781755,105.857339877112
10.757288,106.678368
10.7757025,106.6673489
21.033831,105.835668
10.783063,106.678484
11.0353573,106.5647631
10.8088158,106.7118372
10.766383,106.664808
10.7635135,106.6745821
21.1757027,105.8250098
10.757113,106.710128
20.971752,105.829515
21.029023,105.856556
21.0399217,105.7596597
10.7533343,106.5902503
10.946449,106.530024
10.784268,106.690023
10.8081046,106.7290455
10.735215,106.6772457
10.721438,106.622558
20.9868484,105.6974168
10.792434,106.617502
10.789759,106.641926
10.748282,106.681765
10.758965,106.655218
10.755296,106.67652
10.6485121,106.6558129
10.757618,106.710418
21.026132,105.855582
20.853637,105.7684941
10.7296267,106.7076242
20.9998905,105.9419617
10.8504301,106.7966743
10.9964213,106.4204035
10.820131,106.599234
10.7514949,106.6426394
21.026655,105.826186
10.799504,106.652023
21.0156573,105.8021826
10.7479066,106.7083448
21.0189393,105.828135
10.796022,106.671382
10.7493239,106.6487806
10.8438791,106.6364091
21.024704,105.851349
10.7429958,106.7117102
10.824869,106.634935
10.81281,106.626046
20.9181141,105.7590604
21.0135522,105.9389625
20.9989504,105.8419412
10.782737,106.620885
10.871461,106.768885
10.7802695,106.6955706
10.560736,106.767411
11.0513678,106.524036
10.7354213,106.7190939
10.805703,106.7398059
10.818843,106.603469
10.880354,106.609041
10.6867283,106.5757778
20.9915515,105.8915505
10.7496675,106.6414701
10.776541,106.689232
10.755264,106.650997
21.0520058,105.7153308
10.78636,106.6521
10.7089619,106.5705461
10.718096,106.5931
21.0418413841489,105.781656571796
10.800724,106.72102
10.793566,106.657153
21.06823,105.812178
10.864915,106.5891133
10.772471,106.629742
10.7714996,106.7188648
21.0698758,105.9096364
10.821041,106.639642
11.0060002,106.4694176
21.0126437,105.8611129
20.972706,105.775295
20.991352,105.888666
20.998518,105.8115865
10.754194,106.674616
11.014742,106.4947805
10.776669,106.6837361
10.769361,106.696396
10.839001,106.680865
10.7681498,106.7007674
10.794517,106.647366
20.939566,105.732808
10.801987,106.68692
21.032881,105.830557
21.080965,105.74084
10.792765,106.683938
10.86322,106.638767
21.0194117,105.8505052
21.0287833,105.8340836
10.849844,106.63204
10.811002,106.626322
10.7953047,106.734211
10.7789015,106.6909761
10.800563,106.694561
10.8904151,106.5922027
21.029763,105.849188
21.0776726,105.3094977
10.8839381,106.5773286
10.7558025,106.6663361
10.848331,106.7771696
10.7857191,106.7065952
10.7922607,106.6506518
21.0050196,105.8306219
10.876657,106.815623
21.02735,105.825092
21.1508449,105.8461761
21.0131319,105.8610124
10.7772309,106.7057471
21.2380481,105.8491619
21.076366,105.793308
10.795985,106.6750569
10.757493,106.683472
10.847756,106.64118
21.04722,105.84325
10.787698,106.646745
21.0356052,105.84643
10.776559,106.6875534
20.8933727,105.5712893
10.9844223,106.4189134
10.7666171,106.6943932
21.0311724,105.8381755
10.754198,106.684335
21.002331,105.8742181
20.9615224,105.8678907
10.79271,106.649603
10.749658,106.6448851
20.970788,105.780294
10.841007,106.650706
10.7519205,106.640703
10.7951853,106.6079042
21.039894,105.812921
10.852827,106.584168
10.7908084,106.6487152
21.109601,105.489148
20.9716159,105.4840091
20.7816577,105.7756079
10.805946,106.632644
10.776339,106.631062
10.7734848,106.6992269
10.869102,106.736079
10.8216505,106.6935137
10.7706417,106.6918864
21.0162438,105.7992332
21.021546,105.796951
21.0147718,105.8007573
10.8533668,106.5896282
10.793241,106.645522
10.852494,106.624385
10.791314,106.510447
21.198253,105.8485144
10.817042,106.682216
10.873946,106.640925
21.0444552,105.9194809
10.853084,106.791773
10.768415,106.501497
10.775984,106.636526
21.047717,105.7080904
10.760614,106.657051
10.8262508,106.8293846
10.852283,106.589161
10.800111,106.641589
11.033236,106.559206
20.9929773,105.8545597
21.04459,105.842387
21.0497534,105.9062773
10.8092998,106.7288343
10.7532338,106.6627018
21.0108337,105.8526975
21.1052092,105.4965488
21.0833788,105.7725382
10.8423585,106.7982731
10.8207191,106.6914464
10.8461964,106.6758992
10.7679244,106.619381
21.1285193,105.7799539
10.796124,106.7388878
20.8737321,105.8634314
10.748726,106.6720169
21.0136453,105.8524667
10.721859,106.606404
21.0436104,105.8185528
10.8067637,106.6666794
10.8418506,106.8265753
10.8461454,106.6606898
10.846419,106.76968
21.080823,105.939694
10.756265,106.681139
10.8867527,106.5971214
21.0816208,105.7178814
10.7495413,106.6574786
10.7451058,106.6761476
10.802825,106.7363169
20.7986345,105.7785018
10.8481914,106.8445654
10.8497691,106.8122431
21.0144905,105.8579381
21.0356121,105.8464703
10.7951059,106.646281
10.802715,106.685686
21.021264,105.857558
21.0336515,105.8463587
21.0402975,105.8454194
10.735134,106.639691
10.735984,106.718144
10.789195,106.595543
10.9683412,106.5213066
20.842652,105.8783435
10.7163336,106.7351164
10.865994,106.637769
21.0413288,105.524757
10.786235,106.657321
21.036982,105.849994
21.021906,105.848565
10.7554227,106.6633048
10.738952,106.614714
10.6070788,106.7408254
10.711589,106.580937
20.969802,105.831613
11.0011271,106.4485303
10.781971,106.662044
10.7995654,106.6970932
10.791648,106.633924
10.798353,106.6141
10.79668,106.651299
10.733598,106.534765
10.809605,106.603504
10.76611,106.644305
21.0181952079027,105.854674352201
10.794992,106.635881
10.738074,106.648644
10.9622131,106.4877873
10.977311,106.499987
10.7537234,106.6466936
10.775939,106.755557
10.8101647,106.6175195
10.81424,106.682236
10.767238,106.675697
10.7839813,106.7002974
10.86156,106.753847
20.973383,105.775776
10.774598,106.631932
21.1380017,105.8210124
20.8920872,105.5658715
10.737566,106.676995
10.8545301,106.8093953
10.8449057,106.6783976
10.7543268,106.6609132
10.857298,106.768591
10.757795,106.573474
10.967564,106.612123
21.0265378,105.8450949
10.872203,106.652151
21.0507484,105.6778924
21.026513,105.831929
21.1690651,105.7621719
10.7620421,106.6269505
21.0819045,105.7841031
20.9442148,105.547654
20.9233421,105.8430554
21.0043888,105.8340211
20.9908718,105.5417163
10.791485,106.6254
10.8442518,106.7763584
21.096308,105.4353191
10.784355,106.6584
10.7799469,106.7645389
10.7186929,106.7309617
21.151253,105.8345818
10.7551478,106.518682
10.843907,106.624797
10.765002,106.678075
10.7356071,106.666578
10.841793,106.675318
10.752032,106.671115
10.8256212,106.7709311
21.004109,105.79883
10.896328,106.60348
21.062926,105.9082994
10.80446,106.70946
10.99206,106.387958
10.804317,106.678832
20.982042,105.788354
10.7490681,106.6855445
10.810955,106.693994
21.0149194,105.7767643
10.8482562,106.7819453
10.8955676,106.6129548
10.751361,106.6765828
10.7799165,106.6580049
21.022022,105.854968
10.748998,106.655011
10.858671,106.613296
10.745487,106.619172
10.7406522,106.7159359
10.978119,106.49301
10.8282774,106.8138488
10.851378,106.629532
10.7837815,106.6808743
10.792348,106.628774
20.8647283,105.9041126
10.7369593,106.7310227
11.0198097,106.457734
10.8290468,106.7648623
20.9676565,105.777401
10.8013479,106.6919573
20.966209,105.781828
10.7115607,106.6944287
10.805421,106.68162
21.1401551,105.5276854
10.771978,106.61108
21.062458,105.899959
10.8698191,106.5382091
10.8436385,106.7867677
11.0291855,106.413978
10.760817,106.659617
21.019843,105.848829
10.822514,106.686563
10.7491307,106.6589322
10.746985,106.684435
21.032329,105.85692
10.8478636,106.8336343
10.78123,106.66352
21.0476409,105.9145353
10.7530018,106.697656
10.74272,106.6824699
21.013997,105.86285
10.800574,106.643852
10.794604,106.6166
10.7693088,106.6980218
21.0747384,105.8922418
21.0213764,105.9686513
10.7553336,106.7058426
10.7971615,106.618071
21.0277609,105.8477303
10.759099,106.684095
10.7502579,106.6245783
10.8366337,106.5989411
10.76189,106.702011
10.748432,106.61744
10.761197,106.677736
10.6948325,106.6114674
10.7473555,106.666371
10.4119104,106.950417
10.7746,106.6958889
10.797199,106.661183
21.046422,105.840318
20.9873632162152,105.849360942482
10.8400107,106.6003894
10.789636,106.635976
21.1456405,105.5054766
10.797829,106.7387884
10.882686,106.615506
10.783958,106.679087
10.85767,106.745024
10.7503634,106.7196541
21.1329608,105.7788156
10.755216,106.70393
10.869724,106.743619
20.9986858,105.7200839
20.983401,105.790179
10.7997382,106.6886864
10.865114,106.618629
10.78042,106.624548
10.833392,106.615993
21.0323972,105.8551923
10.8207399,106.7073432
21.0428971,105.847799
10.824232,106.684108
10.7775921824631,106.628585058211
10.762802,106.672657
10.791753,106.627456
10.8004212,106.6116061
10.7429628,106.7143075
10.792475,106.677474
11.037246,106.521627
21.0104987,105.8508518
10.838709,106.656258
10.793469,106.61944
10.784647,106.683741
21.2056936,105.779641
10.7775,106.628447
10.7941958,106.7409699
20.997334,105.84592
21.0078627,105.8580967
10.852664,106.656075
20.9640919,105.8603404
21.032608,105.803734
10.766568,106.7577028
10.741997,106.697592
21.0867836,105.9311071
10.79368,106.674898
20.9064108,105.5783773
20.9285707,105.6613257
21.081629,105.768853
10.797564,106.684406
10.7971714,106.7371781
10.846528,106.775195
10.853397,106.767827
21.046775,105.848575
10.755447,106.644622
21.026521,105.841538
10.781884,106.624978
20.979917,105.786728
10.771281,106.7010134
10.7949939,106.6795391
10.793665,106.709432
10.8601753,106.6102885
21.028603,105.848087
10.7648239,106.6682193
21.1106476,105.8144155
10.7437389,106.6237357
11.062918,106.511846
10.7385213,106.6354449
10.7412081,106.7055793
10.757881,106.625132
10.890156,106.575184
21.0354929,105.6813413
10.8231169,106.7593725
10.7439176,106.7139265
10.789263,106.621164
10.8421205,106.8302045
10.707021,106.599482
21.039919,105.8031286
10.793275,106.677918
10.8592756,106.7062347
10.7916382,106.7099998
10.7738634,106.6829117
10.7328674,106.628734
10.798356,106.622014
21.0030225,105.8721713
10.784663,106.679162
20.871835,105.8970137
10.75307311467,106.702117835467
21.033003,105.847792
10.849532,106.752196
10.7925771,106.6479795
10.855638,106.765242
10.7719251,106.6971155
10.771628,106.641715
10.8093052,106.6292691
10.699888,106.608891
21.0479676,105.7524466
21.042799,105.84428
20.9644464,105.7506364
10.7946773,106.7336816
10.990284,106.56651
21.0513787,105.9063653
10.739966,106.661959
10.791691,106.679895
10.7823063,106.6419723
21.034612,105.850375
10.6707749,106.6457423
10.78522,106.656803
10.9772511,106.4842207
10.779678,106.66109
21.0834942,105.7579743
10.7562124,106.6584057
10.7579419,106.6534894
21.0295536,105.9677283
10.821598,106.691257
10.810966,106.62232
21.0717015,105.7724691
10.7937137,106.7737273
20.991737,105.832851
10.83488,106.687359
10.7523509,106.6395445
21.027477,105.850109
10.7523704,106.6013285
10.8261022,106.7647359
20.965447,105.772864
21.025553,105.761608
21.0353191254232,105.849105489211
10.804505,106.7349458
10.867701,106.614062
10.798986,106.688839
20.977613,105.885984
21.029822,105.859437
10.82692,106.686342
10.7616608,106.6708285
10.8200084,106.7627113
10.818551,106.682941
10.778647,106.697909
10.739451,106.657108
10.7722983,106.7686009
10.9653417,106.4980667
10.78696,106.651977
20.933634,105.757579
20.9922053,105.7015576
10.797272,106.679295
10.859909,106.6378751
10.8594917,106.6135239
10.7800122,106.6242301
10.6719142839515,106.583819319397
10.816601,106.697298
21.0187045,105.8627915
10.831098,106.687291
21.025779,105.645796
10.795029,106.633458
20.971861,105.777082
10.7486718,106.6081638
20.966371,105.865974
10.846817,106.768332
10.870927,106.811337
10.790336,106.696527
20.967838,105.781949
10.7709473,106.6741527
10.788948,106.6980865
10.7408902,106.6279104
10.7403,106.708661
21.008374,105.83625
21.017892,105.8540767
10.7759216,106.6990146
10.8021831,106.7364359
10.760276,106.666187
10.883587,106.594534
10.7902365,106.5125521
10.8026381,106.6958819
10.875864,106.565337
10.843087,106.621858
21.115037,105.7848293
10.848765,106.6618072
10.7661031,106.679779
10.7752097,106.6456413
10.753465,106.669497
10.8007477,106.6428295
10.7923082,106.7738744
10.8725872,106.6539203
10.81558,106.625758
10.8051715,106.7471169
10.749494,106.659661
20.9636577,105.7498782
10.7495011,106.6589893
10.808885,106.665545
21.027096,105.814452
10.764299,106.646968
21.045772,105.840983
21.0545927,105.8875466
10.657813,106.569454
21.0183438,105.7887881
21.0084660543897,105.848991738635
21.0495609,105.754837
10.7475197,106.7174729
20.9478847,105.8488295
21.010092,105.771774
10.8047585,106.6672706
10.839843,106.655052
10.823306,106.681893
20.9047245,105.8529086
10.7381798,106.6192189
10.750142,106.617942
10.8539138,106.790582
10.7566023,106.6661471
10.9476919,106.5992024
10.9595863,106.586486
10.806794,106.6303058
10.7488931,106.6476833
10.757223,106.641772
10.904934,106.6835072
21.0340283,105.5413685
21.0738051,105.6968714
10.816404,106.7766205
21.0139934,105.8553239
21.015319,105.841422
21.118124839094,105.783779791966
21.006951,105.805759
21.036355,105.849662
10.860541,106.5628
10.888305,106.59804
10.7723901,106.6941594
10.7914397,106.7348639
10.803182,106.645819
10.752622,106.674743
10.9317215,106.5531885
21.031475,105.837179
10.788926,106.645526
10.803652,106.628942
10.7578942,106.6563699
10.8496856,106.6584198
10.766023,106.6233379
21.0105735414076,105.830637982628
10.862526,106.612069
10.8405911,106.6429401
20.95374,105.757282
10.846407,106.651134
10.802651,106.663566
11.0942467,106.4502618
10.7561381634149,106.632542070627
20.9252838,105.6514551
21.0104911,105.8545285
21.0543669,105.9058846
10.7910516,106.6547524
10.708159,106.5950814
10.7501245,106.6517006
11.0010854,106.4797498
10.802452,106.697496
10.779361,106.685437
10.7770997,106.7541057
20.964716,105.776845
10.774371,106.6986629
10.896408,106.582229
10.807356,106.607714
10.748982,106.614471
10.866162,106.620077
10.8194434,106.6876607
10.832755,106.668453
21.1055477,105.7151765
21.0440529,105.6819534
11.1300246,106.4621665
20.9923272,105.7408758
10.809058,106.608125
10.749376,106.589579
10.399736,106.944331
10.781053,106.653699
21.0131982,105.8473594
21.0593377,105.6997472
21.03122,105.846725
10.7415289,106.6459122
10.859928,106.64271
10.80539,106.715938
10.735153,106.654319
10.867529,106.737506
10.826546,106.687303
10.898422,106.64189
10.5878216,106.8355421
10.755999,106.672798
10.806784,106.646098
10.887832,106.616449
10.7372776,106.6248995
10.806492,106.64455
10.75385,106.681996
10.804908,106.660016
10.851205,106.633675
10.765954,106.664038
10.8495989,106.6332432
10.7928343,106.6884297
21.063334,105.9094528
10.783884,106.67846
21.0492056,105.9031849
21.012627,105.8523309
10.89062,106.612711
10.8054117,106.7294001
21.032307,105.845717
21.0005591,105.8462597
10.823226,106.6325072
10.82086,106.600237
10.8424196,106.6793488
21.0617432,105.7220518
10.7226056,106.6079737
10.9962644,106.5758456
10.7465474,106.6210205
10.691026,106.578782
10.756785,106.7183725
10.761915,106.569895
10.7496179,106.7274915
10.744484,106.65643
10.7857263,106.7622407
21.0677242,105.9097676
10.848905,106.614824
10.7964052,106.6351412
10.753389,106.652326
10.798587,106.621417
21.0257411,105.8347557
10.8563519,106.7546665
10.8713862,106.5862699
10.7721087,106.6565568
10.76234,106.658613
10.7624344,106.702454
10.792312,106.676348
10.7362024,106.7201804
10.799239,106.678483
10.808259,106.707979
21.2851597,105.7494903
21.0073867,105.8220873
10.78098,106.641641
10.7373874,106.6271778
10.786395,106.654312
21.006344,105.831016
10.779439,106.662323
10.802087,106.665452
10.7211482,106.7301863
10.735837,106.720473
20.989358,105.890888
11.1101095,106.4440863
10.717148,106.574468
10.755384,106.6205843
10.837648,106.622634
20.8717743,105.7586251
20.9239209,105.6957867
10.8063405,106.7284047
10.7605181,106.6442634
10.782445,106.667204
10.8642467,106.641461
10.805364,106.6811357
10.768769,106.630066
10.8147957,106.8382742
10.910813,106.5581797
10.7818563,106.6814358
20.978958,105.927212
10.84333,106.76975
10.8498977,106.610823
10.793058,106.631198
10.761957,106.6688285
10.841596,106.793529
10.8844605,106.62874
10.859354,106.690118
10.738504,106.6409126
21.0058434,105.8320575
10.77833,106.654206
10.8583488,106.8392444
21.0495204,105.9026645
20.9622564,105.6774966
10.8750848,106.6554594
10.709602,106.702364
10.948509,106.52662
10.793997,106.696798
21.0518638,105.7488337
10.8740452,106.6208696
10.7848688,106.6980617
21.0659823,105.7013511
21.086841,105.80941
21.013047,105.827688
10.812788,106.619835
10.794308,106.63534
21.029153,105.8343161
10.845195,106.64189
20.9958335,105.7500879
20.97942,105.779006
21.0359572,105.9100668
10.862035,106.808149
21.0700351,105.9019156
21.0575493,105.8902988
21.0213296,105.6842903
10.736393,106.675944
20.9403605,105.8447337
10.764295,106.670228
21.0089092,105.8300708
10.897789,106.615801
21.0074591,105.7175065
11.009471,106.41728
21.0877372,105.4666898
21.0272975,105.9060968
10.756558,106.580898
10.740874,106.667774
10.80005,106.601019
21.1291022,105.5010431
21.0263102,105.8503228
10.755163,106.716633
21.0872594,105.6482189
10.723024,106.646899
10.8640871,106.6345608
21.2185779,105.7825702
21.0821204259797,105.771768325968
10.790376,106.605176
10.75338,106.666662
10.7586369,106.6615939
10.7709266,106.6504862
10.7728744,106.755806
21.03507,105.857204
10.7449334,106.7103654
10.8472209,106.7577013
10.722649,106.633556
10.805665,106.7345771
21.089608,105.6616409
10.7976542,106.7430273
10.7894133,106.758714
10.7415519,106.7158632
10.8552775,106.6572801
10.755706,106.671872
10.8785426,106.6216386
10.834418,106.683932
21.031903,105.846738
10.8268048,106.754653
20.8055336,105.880462
21.021534,105.844926
10.7977346,106.7337508
20.9997822,105.600481
10.842077,106.76558
10.682764,106.615372
10.7441554,106.696417
10.9925535,106.5270716
10.759622,106.711611
10.7531367,106.639914
21.024341,105.834088
21.008646,105.85144
10.8906203,106.6208468
10.7610421,106.7109378
10.673978,106.734861
21.0137393,105.8610953
10.78556,106.659316
10.842772,106.800274
21.050495,105.749338
21.0271612,105.8281377
10.811992,106.683769
21.032969,105.832214
20.9842726,105.8222944
21.013268,105.848325
10.778272,106.64278
10.779965,106.622923
10.8037725,106.6106289
10.7995219,106.6877319
10.734832,106.603194
10.8554145,106.771123
10.7765889,106.6863291
10.8778302,106.7699533
10.8831682,106.5422152
10.8460757,106.6577545
10.7817511,106.7397406
20.972974,105.776924
10.7457577,106.6319503
10.8847769,106.588463
20.9648815,105.7988643
10.9393904,106.5567791
10.973229,106.484578
10.754583,106.6354338
21.041602,105.84582
10.764792,106.624944
21.028361,105.8431971
10.8593819,106.7663406
10.861879,106.649689
10.726953,106.694472
10.853853,106.759161
21.0911988,105.7057796
21.011142,105.860761
10.791332,106.6918091
21.020658,105.849224
10.652096,106.550171
10.82072,106.631827
10.762231,106.635461
10.7410326,106.5372144
21.0966815,105.6793791
10.7542644,106.6049326
10.712953,106.643582
21.017036,105.848479
10.937496,106.520866
10.786989,106.646169
10.759202,106.673486
20.9143001,105.6363489
10.7808367,106.7579097
10.7833415,106.6023671
10.842284,106.624499
10.7345937,106.7007742
20.9244802,105.8348423
10.7892889,106.710481
10.712355,106.617243
20.9667711,105.7865257
10.7255622,106.6116682
11.0309493,106.5192518
10.85894,106.620541
10.8744977500643,106.761875779281
10.7827845,106.7035523
21.1348839,105.6466149
10.7686015,106.7034008
20.7246693,105.8287746
11.132191,106.4604815
20.974244,105.775457
21.1131667,105.6210652
10.849852,106.670353
10.901394,106.631226
21.0674678,105.9049723
10.779841,106.629301
10.880154,106.766054
21.033073,105.85154
21.2420157,105.8236452
10.763289,106.647144
10.83517,106.610542
21.0023279,105.8239806
10.755242,106.655223
10.818522,106.687698
10.7935838,106.6648258
20.9526289,105.8500275
21.1071391,105.8500882
10.7482513,106.6838833
10.856195,106.69971
10.8089444,106.7336299
21.026883,105.8385718
10.860962,106.612845
10.796693,106.689885
10.768052,106.667849
10.645557,106.735894
10.8624736,106.6980767
10.709298,106.686143
10.801217,106.614667
10.8942904,106.6151876
10.735274,106.63743
10.7866019,106.6598508
21.0431275,105.8380524
10.7463269,106.6592299
10.781618,106.7520656
10.76434,106.672325
10.7568064,106.657121
10.6004113,106.7704064
10.934627,106.5471567
10.858448,106.643021
10.797799,106.691777
10.807993,106.664859
10.5940443,106.7284783
10.790914,106.662854
10.9874225,106.3791507
10.902464,106.633155
21.0050321,105.7692526
10.8318049,106.5955051
10.778827,106.632985
11.023721,106.560174
10.8027229,106.6857209
10.763413,106.664634
10.7618341,106.6572861
10.859502,106.623193
10.7444244,106.6301187
20.913016,105.8064853
21.0276406,105.8370901
20.994953,105.761748
10.7808987,106.7509542
10.784337,106.698226
10.8871832,106.7707084
21.017557,105.841462
21.0230746,105.858673
10.764159,106.646889
21.001863,105.806513
20.977495,105.4981103
10.7528677,106.6672952
20.9705733,105.7700352
21.0324076,105.848093
10.7707372,106.6854023
10.792567,106.657078
10.9780681,106.6195382
10.7324448,106.7090166
20.9770089,105.6578318
21.0253192,105.9281871
10.735577,106.6072439
10.8071034,106.7284555
10.9851915,106.5234747
10.721062,106.591709
10.773372,106.682414
20.987138,105.796901
10.8769583,106.5910414
20.6241749,105.7961429
10.763022,106.70321
10.7926606,106.696697
10.7321868,106.7203767
21.0267667,105.5243286
10.802583,106.659281
10.8057643,106.6630945
10.762691,106.65201
10.778111,106.704807
21.1751175,105.8101381
10.5983379,106.73102
21.046506,105.840694
10.7569349,106.6340442
10.839741,106.618626
10.7939497,106.6733257
21.0223874,105.9129287
21.0240076,105.8305696
11.011027,106.415386
10.792628,106.697328
11.0000808,106.5962224
10.8040416,106.6102383
10.7866741,106.7583406
21.0162231,105.8233841
10.8857172,106.6201364
10.7447227,106.6860104
10.7776497,106.6173433
20.9912774,105.703853
10.725664,106.614144
20.983666,105.782231
20.9985494,105.8386026
20.9966846,105.953173
21.0420266,105.8057177
10.8618799,106.6122347
10.782315,106.625105
10.7571526,106.6617696
21.027388,105.843978
21.1229914,105.6521025
10.8205381,106.7582344
21.0763297,105.6908257
10.862899,106.734232
21.0288013659608,105.83929092117
10.7415703,106.6730766
10.7356406,106.6234278
21.0433532,105.8468448
10.7319476,106.6099248
10.858359,106.74713
10.9527873,106.4884413
10.904402,106.671815
10.8588769,106.7532007
10.7337551,106.6264985
10.755467,106.669561
10.6572746,106.566252
10.826076,106.770889
10.813147,106.620186
10.726471,106.61161
10.869613,106.763359
20.9823187,105.4723833
10.863711,106.592637
10.7443067,106.7056489
21.031592,105.85726
10.841894,106.635425
21.021816,105.843245
10.969329,106.533562
11.114938,106.4444244
10.7797183,106.8554902
21.023917,105.8373506
10.853816,106.838864
10.6734559,106.5699257
10.758032,106.662889
21.0438272,105.9112402
20.8693217,105.8601043
10.9930924,106.5726491
21.1132922,105.4776617
10.738137,106.642341
21.0258504,105.8564654
20.9982512,105.7028921
10.8919142,106.5752103
10.875846,106.599901
10.725146,106.623445
10.791114,106.711559
21.015175,105.864346
10.893722,106.582724
20.8811209,105.7003251
21.0099875,105.8528721
10.758408,106.652659
10.8071706,106.6625042
10.751522,106.663338
21.1051968,105.5428824
10.761678,106.654117
21.0315628,105.8505662
10.771478,106.628217
10.661703,106.6990623
21.062149,105.896992
10.762512,106.682731
21.056584,105.4387523
10.7956108,106.6745676
21.0111061,105.7912725
20.9985183,105.5225451
10.791829,106.657338
10.8286218,106.6810041
10.850229,106.752737
10.7081532,106.5659192
21.0475028,105.9103037
20.995217,105.88003
21.03029,105.851144
20.983726,105.845478
20.6859833,105.7427425
10.722512,106.695325
10.749153,106.655124
10.966765,106.529647
20.9820405618376,105.789866680042
10.7736735,106.7056207
10.7546101,106.6378079
21.0427391,105.7298248
10.764311,106.654408
21.064593,105.9079311
21.0371096733503,105.853279230695
10.750291,106.656786
10.739163,106.671428
10.786772,106.692438
10.780187,106.628191
10.836629,106.678684
10.736471,106.720184
10.7449845,106.7050148
10.799457,106.628023
10.7677681,106.6879164
10.7758575,106.6829203
10.735736,106.69117
10.7759179,106.7032566
10.7487181,106.7168577
10.8102114,106.7342454
20.8710141,105.8615813
21.049268,105.838823
20.990335,105.807185
20.9934229,105.8361986
10.855363,106.596517
10.8619433,106.7000589
21.045026,105.784363
21.035257,105.8455
10.7511815,106.6613551
10.8163371,106.7787044
10.758383,106.649812
21.02441,105.849465
10.8284537,106.6795999
10.6523397,106.6354476
10.765071,106.673555
10.714654,106.731968
10.7428182,106.6985182
21.04382,105.838282
10.7784498,106.7046423
21.0170549,105.7999916
10.978762,106.479286
10.751482,106.664542
21.037973,105.757993
10.810192,106.7348681
20.966034,105.779268
10.787201,106.601306
10.815418,106.694185
20.9997136,105.8535993
10.9688376,106.5045006
10.7920786,106.6613233
10.798516,106.6626049
10.7474468,106.7056647
10.981971,106.571816
10.8474795,106.6080229
21.0856335,105.6537667
10.81909,106.77132
20.7669782,105.7685214
10.735691,106.693427
21.0312863,105.7749709
10.745459,106.70569
10.801646,106.589255
10.758888,106.645252
21.02873,105.831793
21.042215,105.840111
10.7745166,106.6935193
21.0354,105.8482634
10.964961,106.51488
10.749154,106.6255146
10.745161,106.5939081
10.755094,106.652915
10.8569339,106.7848618
10.7447744,106.708356
10.7742972,106.7527219
21.024917,105.845182
21.0480496,105.9028346
10.7498758,106.666032
10.751857,106.684897
21.0692878,105.7405025
10.7422102,106.6991188
20.978375,105.9159261
21.084577,105.75001
20.97058,105.780914
10.6746009,106.7230768
10.7443646,106.6137606
21.0237428904374,105.857234646862
10.764882,106.655127
21.0823971,105.7076751
11.0245035,106.5734054
10.78041,106.6645052
21.0329114,105.8559116
20.961812,105.782791
21.0156159,105.8007097
10.8768903,106.6081736
10.796498,106.690734
21.0181785,105.8485121
10.8567324,106.597414
20.974427,105.776104
21.035628,105.850967
10.7492234,106.6525252
21.1531615,105.861628
10.969396,106.548454
20.9975151,105.7168868
10.757056,106.699863
10.865165,106.5778
10.817568,106.685725
21.0862983,105.6306013
21.2915963,105.8620148
10.7738871,106.6822462
10.7381534,106.6335652
10.8052597,106.688349
10.7445191,106.6196122
10.85934,106.768464
10.7537561,106.6586071
10.887766,106.723157
20.6920235,105.7547517
10.7102962,106.6867354
10.764049,106.634278
10.748423,106.618464
21.16436951209,105.819723262901
10.8007563,106.6978695
21.029978,105.847721
21.0592414,105.913
10.859084,106.768176
10.8058355,106.6654212
10.75323,106.614643
21.037821,105.757976
10.745525,106.6142001
10.9551421,106.5264485
10.865517,106.643661
20.9691169,105.8842416
10.8411134,106.7745426
10.7855256,106.6557233
21.052498,105.912641
10.763517,106.6628119
10.722779,106.609284
21.031665,105.846006
10.7615103,106.6583753
10.727941,106.7122941
10.814507,106.77131
10.8827728,106.6011414
21.0254031415905,105.851500961722
21.0348611172959,105.854142092695
21.055116,105.773168
21.014892,105.80725
21.0172398633312,105.786354766328
10.801835,106.814321
10.755182,106.654861
10.7408331,106.593981
10.866932,106.601582
10.9528112,106.5532854
21.030524,105.765938
10.7580538,106.6757561
10.757736,106.597023
10.7489143,106.6481604
10.676847,106.7328
10.719365,106.611056
21.0639792,105.9091489
10.411158,106.969481
10.9627963,106.5153715
10.842624,106.766735
10.6334285,106.7404204
10.741965,106.652517
10.791814,106.622829
10.8432371,106.6200173
10.901137,106.645225
10.969067,106.483007
21.0150313,105.8543869
20.8470064,105.6271079
21.032171,105.8330541
10.7361879,106.7201764
10.7981614,106.6985762
11.1191191,106.5017314
10.7748807,106.7058427
10.7845232,106.6611994
10.779672,106.657959
10.766626,106.704317
10.7499454,106.6159047
10.766635,106.6780325
10.5986367,106.7447544
10.8663665,106.6872475
21.0551982,105.9076036
10.984113,106.5498475
10.744042,106.661137
10.787045,106.65702
20.972842,105.776247
21.031795,105.852883
10.803526,106.666798
21.0504597,105.8915826
10.857986,106.623118
10.742636,106.653751
10.7411924,106.7243579
10.7309717,106.7288862
10.7703759,106.700978
21.037364,105.846273
10.962831,106.506941
21.0661697,105.7849009
10.762435,106.630467
10.734663,106.6277025
10.869799,106.602468
21.0222772,105.8314056
10.6401125,106.6430338
10.8177379,106.7776119
21.032319,105.850728
10.7573709,106.7028898
20.9918852,105.9485673
10.688617,106.551032
21.013401,105.84989
10.7527093,106.7188573
10.714107,106.655526
10.809184,106.666288
21.0284904,105.3065795
21.0000046,105.4303863
10.7464356,106.6497078
10.7635291,106.6784544
21.019044,105.858708
10.8043339,106.7280521
21.1119724,105.4896454
10.841233,106.628897
10.7236004,106.7120297
11.0052701,106.4263887
10.806037,106.612159
10.886026,106.652004
10.7446,106.639176
10.8731279,106.5624368
10.683253,106.597861
10.7482209,106.6539207
10.786874,106.656016
10.799476,106.652454
10.759477,106.6134988
20.7293305,105.7785735
10.7496468,106.6481684
10.6572721,106.5973838
10.990681,106.585391
10.746133,106.6343821
21.0633594,105.9109421
10.769632,106.631566
10.7390367,106.697079
10.776617,106.619545
10.8544118,106.6135179
10.6756858,106.7318055
10.819401,106.692713
10.7625149,106.6620167
10.7939757,106.7343668
10.7712306,106.6955999
10.7254791,106.7104497
10.8533379,106.7693855
10.760617,106.675184
21.0836333,105.713795
10.7264876,106.6954063
10.8880513,106.5788286
10.7700228,106.6102579
10.7413296,106.7259818
10.75533,106.668671
10.792733,106.645185
10.6838758,106.62088
10.699393,106.535584
21.047969,105.735668
10.748058,106.654056
10.804205,106.696488
21.038134,105.8354821
10.852159,106.766675
10.820041,106.770728
10.718702,106.629262
10.7765078,106.6541121
21.0492544,105.906244
10.743148,106.653459
10.7468936,106.5863788
21.1570595,105.4727488
10.733007,106.655517
21.0118868,105.8599511
10.7929,106.653314
10.74621,106.658339
21.2494246,105.9327674
10.797977,106.649196
21.025671,105.843388
10.745855,106.622588
10.810125,106.617992
21.011796,105.849854
10.7728146,106.7025917
10.834615,106.624154
10.887258,106.621507
10.763254,106.654528
10.7860864,106.6415417
21.032967,105.845375
10.76095,106.673847
10.793937,106.68306
10.7722725,106.7932774
21.018111,105.84379
10.872348,106.741412
21.025255,105.762578
21.1624019,105.8511503
10.9173374,106.6723536
10.7530597,106.625989
21.0325219,105.8169833
21.01339,105.855847
10.816681,106.770816
10.737981,106.666916
10.8421164,106.5811534
10.7980463,106.6479349
10.790844,106.633791
10.7924,106.636896
10.859572,106.757087
10.7723049,106.763136
10.761858,106.663893
10.845164,106.622805
10.9553755,106.5175451
21.035251,105.831491
10.7480728,106.5754762
10.77861,106.636654
10.8649221,106.7999949
10.75743,106.669492
21.086593,105.8122002
10.7431892,106.6226675
21.037438,105.847948
10.6488418,106.6405457
10.7809271,106.7064423
10.7470229,106.7093275
21.1149628,105.6404319
10.6966252,106.6112094
10.8628943,106.687539
10.8079491,106.6283405
10.8612986,106.6826313
10.856427,106.811336
10.7462431,106.6319407
10.877909,106.602193
10.741772,106.6990514
10.865104,106.6105133
10.784741,106.652803
21.0013482,105.9658278
10.7516203,106.6543806
10.847561,106.793884
10.802885,106.636066
10.8113807,106.6219329
21.0745215,105.6914796
21.007818,105.841336
10.810349,106.61772
10.7909354,106.6803026
10.8165618,106.7799911
10.967286,106.481034
10.8072756,106.7276237
21.0443245,105.9090272
10.736037,106.7356012
10.7920047,106.6966801
10.7697512,106.6335994
10.7460712,106.6536563
21.009872,105.853961
10.792478,106.648889
10.8103025,106.7295321
10.8361514,106.7714974
10.7400004,106.625786
10.825146,106.771392
10.785064,106.6518579
10.7716411,106.7563247
10.776578,106.663513
10.868578,106.591082
10.7478112,106.6518158
10.7824895,106.7290707
10.7586372,106.662285
10.794367,106.652399
20.9303043,105.56971
10.7500217,106.6711565
10.9723277,106.5655142
10.7690682,106.6167671
21.1360151,105.5061785
10.908332,106.650965
10.764318,106.652168
10.7551703,106.6537455
10.7455455,106.6239814
21.2311528,105.7562433
10.791811,106.632947
10.8685539,106.6228248
21.023146,105.842592
10.8295356,106.7749932
10.7851387,106.7378147
10.813488,106.620517
10.778696,106.722153
20.970179,105.761633
10.8809152,106.6671551
10.7542103,106.6714848
21.029241,105.837983
20.812278,105.7760458
10.7491128902019,106.684603300065
10.812496,106.668408
21.1156759,105.4954352
10.4031672,106.9248166
10.844751,106.6294564
10.82313,106.618078
10.840587,106.777499
21.004526,105.965802
21.0879,105.598844
10.8109329,106.6173791
10.89224,106.718597
10.763515,106.693169
10.714895,106.734405
21.027206,105.832214
21.025429,105.837432
10.874647,106.6401598
10.7690734,106.6970263
10.763123,106.661127
10.9008717,106.612567
10.764484,106.7583125
10.804128,106.660312
10.76051,106.7018
10.773244,106.628787
21.1543665,105.4877978
10.8067003,106.7304539
20.9191061,105.8523996
21.0715814,105.7630707
10.7388211,106.6725426
10.6698681,106.5679722
21.0222475,105.8336983
10.3916157,106.9313139
21.0181031,105.7621695
10.8090818,106.7820197
20.8916059,105.7808374
10.7593977,106.6971173
10.755034,106.646269
10.805093,106.810756
10.737572,106.691693
10.9970864,106.4474841
10.7803184,106.7596875
10.742969,106.655045
10.791686,106.647221
21.0213112,105.8331457
10.7920164,106.7093451
10.742338,106.724726
10.787188,106.652776
21.010579,105.850049
10.8638187,106.605023
10.7319793,106.7094374
10.882365,106.652234
10.73926,106.676132
10.755616,106.653289
21.018512,105.861863
10.888674,106.59653
10.8328412,106.6261631
10.9222108,106.6010471
21.0488131,105.9033977
10.680833,106.731262
10.745193,106.611127
10.831873,106.763261
10.8487286,106.6008464
10.6452119,106.6503498
10.867368,106.592801
21.1179852,105.4408061
10.8827498,106.5878902
10.8046455597946,106.792395402415
10.809594,106.616344
10.890956,106.596618
10.7202683,106.6965588
10.7485608,106.6450734
10.807615,106.64618
20.8906329,105.7636742
10.75014,106.616877
10.877299,106.605574
10.8828651,106.6497589
10.7433108,106.6192555
10.7385078,106.6287114
20.9979850493777,105.811723272532
10.770168,106.765173
21.133527,105.3599204
10.948723,106.528254
10.831984,106.679716
10.875252,106.742796
10.8954,106.634561
10.7483652,106.6499199
10.6995604,106.5773065
10.740613,106.699903
10.855118,106.765389
21.053572,105.9092791
21.051167,105.8781438
10.725542,106.647916
21.0131,105.861066
10.702413,106.571191
10.7390003,106.6434786
10.7559408,106.7028821
10.8010541,106.7142223
10.798232,106.622976
10.7254607,106.7098307
10.861492,106.746945
10.972246,106.493073
21.0911033,105.5859694
10.746347,106.672786
21.0023582,105.9641888
21.0618222,105.9667314
21.0608204,105.9093369
10.7407769,106.6907907
20.9738555,105.7776546
21.03621,105.847717
10.7922283,106.6028198
21.0677573,105.9076134
10.788307,106.660903
10.6419511,106.6345878
10.7198364,106.6068845
10.792351,106.632562
10.788432,106.651055
10.7472587,106.6532246
10.8675864,106.5900167
21.0396482,105.9081989
10.737806,106.66121
21.1245359,105.7947413
21.031775,105.847148
21.0180846,105.8012935
10.767289,106.7075602
21.0474505,105.9154141
10.7331326,106.679789
10.86596,106.7451258
10.754382,106.588692
10.7422153,106.6451775
10.7778743,106.759288
10.870345,106.653268
10.780314,106.698809
10.7447192,106.6488365
10.8470344,106.5988084
10.8504842,106.7760695
10.792499,106.655748
10.7609423,106.6994387
10.7094218,106.6410509
20.9985495896495,105.795864154752
10.7858502,106.7024432
21.1670546,105.7426565
10.715056,106.702949
10.7443983,106.7136819
10.764418,106.670766
10.7546875,106.6518698
21.0361189165327,105.848860930523
10.8498899,106.6105613
10.9936722,106.4684272
10.803905,106.636326
21.0083737,105.9739877
10.8444865,106.8267954
10.745398,106.6322538
21.1495083,105.9116291
21.0378019,105.8479225
10.9689535,106.4914019
10.77129,106.630453
10.844541,106.774008
21.0368294,105.8526138
10.758309,106.700147
10.8845759,106.6473842
21.0182875861283,105.785264364456
20.8159146,105.8528215
10.7472709,106.6083736
21.035286,105.849435
10.7443777108032,106.655908303565
10.758761,106.590021
10.879611,106.639526
10.7728785,106.7257688
10.7590702,106.6526167
20.9548481,105.8411937
21.0171133521666,105.846955203843
21.2402284,105.7395267
21.0299181,105.8022467
21.215402,105.404416
10.742389,106.6237246
21.0167776,105.8021137
21.1503991,105.5037594
10.808671,106.667126
10.8247667,106.6817894
21.0483779,105.8781935
10.762198,106.700576
10.7207528,106.7153503
10.7737337,106.7006195
10.799104,106.650877
10.748724,106.7164063
10.806732,106.665353
10.75493,106.664573
10.8532279,106.6366812
10.859976,106.749984
10.886613,106.589467
21.031383,105.879678
10.8118215,106.6192909
10.803922,106.65937
10.8086015,106.7293914
10.791847,106.622414
21.1313171,105.501179
10.7714316,106.7133924
10.74764,106.669062
11.0359755,106.5743051
20.8044646,105.8485602
10.7627402089518,106.704761199925
20.9981836,105.7198181
10.835268,106.6683
21.004226,105.8300095
10.797658,106.650769
21.018015,105.7535746
10.7915402,106.6814274
10.7669886,106.7123306
10.840156,106.609612
10.761284,106.661537
10.8028105,106.6908313
10.7904619,106.6898176
21.1186247,105.6570152
10.6680784,106.5629361
10.7838505,106.5900778
10.869742,106.727213
10.8689259,106.6034427
10.815238,106.626004
10.836168,106.62059
10.94523,106.513863
10.737967,106.676786
10.758015,106.657109
21.039749,105.849651
21.1892253,105.6593318
21.086393,105.771402
10.8774814,106.5728533
20.998152,105.780342
21.0136998,105.8482733
10.993746,106.372399
10.7927,106.635056
21.031691,105.846782
10.757618,106.654484
10.725098,106.653771
10.758156,106.657728
10.9740653,106.5018418
10.9403045,106.5489912
10.7890971,106.697222
21.004429,105.827713
10.7805876,106.7606263
10.885072,106.6515516
10.65881,106.6596165
21.1395456,105.8486471
10.85999,106.593806
10.8601811,106.7497131
10.8284525,106.6801536
10.9680386,106.5943374
10.854964,106.764566
10.819579,106.771196
10.866068,106.687653
20.99766,105.767039
20.9708185,105.779741
10.7460609,106.651143
21.0200958,105.8344381
10.740549,106.670455
10.7668555,106.6181749
10.729877,106.674199
21.0122411637035,105.81784449283
10.7522765,106.6518071
20.732215,105.9124476
10.75111,106.597503
10.867039,106.822501
10.7511106,106.6495632
20.870048,105.5766097
20.9690937,105.8061278
21.1233285,105.6364081
21.0966701,105.7201373
10.794027,106.637169
10.772193,106.697556
11.0086151,106.4752847
21.0458258,105.8364298
10.76139,106.652405
10.8731412,106.6279745
10.7597892,106.6983848
21.0421593,105.7423951
10.741715,106.670604
21.0553842,105.5766023
10.796865,106.661893
20.7924024,105.879313
10.729498,106.724307
21.043212,105.751895
11.0524203,106.481877
21.014362,105.840338
10.83758,106.620179
10.8021087,106.7192481
10.736239,106.6221663
10.7480461,106.7071379
10.5956962,106.7516476
10.752244,106.669362
21.0001398,105.6834832
10.74187,106.723288
10.76451,106.701012
10.793649,106.634744
10.758205,106.657941
10.7631158,106.7580196
20.966633,105.776595
20.8393157,105.7070428
10.8701088,106.6209028
21.0161844,105.9181329
20.9687964415083,105.824591722631
21.0918618,105.6655491
10.8034515,106.6896894
10.761879,106.700807
10.8751131,106.6529963
10.74529,106.539112
10.778074,106.685171
10.728533,106.6538638
